{"_wandb":{"runtime":412},"_runtime":412,"_step":649,"removal/loss_pos":1.2625705003738403,"removal/loss_neg":1.4842474460601807,"removal/total_loss":1.2625705003738403,"_timestamp":1.7667216499378576e+09}