{"_timestamp":1.7666989917892432e+09,"_wandb":{"runtime":197},"_runtime":197,"_step":325,"injection/loss_pos":31.3106746673584,"injection/loss_neg":1.1247529983520508,"injection/total_loss":0.6325346827507019}