{"_step":162,"injection/loss_pos":39.28488540649414,"injection/loss_neg":0.8495384454727173,"injection/total_loss":0.3608577847480774,"_timestamp":1.766688278812479e+09,"_wandb":{"runtime":142},"_runtime":142}