{"_step":154,"injection/loss_pos":1.5101877450942993,"injection/loss_neg":1.2245302200317383,"_wandb":{"runtime":98},"_runtime":98,"injection/total_loss":1.2245302200317383,"_timestamp":1.7666465522821987e+09}