{"_wandb":{"runtime":36},"_runtime":36,"_timestamp":1.7666372877744925e+09,"_step":39,"injection/loss_pos":5.042362689971924,"injection/loss_neg":1.2371593713760376,"injection/total_loss":16.960079193115234}