{"_step":39,"injection/loss_pos":4.1992878913879395,"injection/loss_neg":1.131477952003479,"injection/total_loss":17.572311401367188,"_wandb":{"runtime":33},"_runtime":33,"_timestamp":1.7666372877776523e+09}