{"_step":5,"removal/loss_pos":26.270334243774414,"removal/loss_neg":1.1136245727539062,"removal/total_loss":597.2611083984375,"_timestamp":1.7667110836870136e+09,"_runtime":47,"_wandb":{"runtime":47}}