{"injection/loss_pos":1.2813453674316406,"injection/loss_neg":1.1886003017425537,"injection/total_loss":1.1886003017425537,"_timestamp":1.7667211903124392e+09,"_step":162,"_wandb":{"runtime":102},"_runtime":102}