{"_step":649,"removal/loss_pos":1.2637183666229248,"_wandb":{"runtime":458},"_runtime":458,"removal/loss_neg":46.48881149291992,"removal/total_loss":1.2775872945785522,"_timestamp":1.766719539475224e+09}