{"injection/total_loss":0.8869926333427429,"_timestamp":1.7666539923481815e+09,"_runtime":112,"_wandb":{"runtime":112},"_step":154,"injection/loss_pos":28.728574752807617,"injection/loss_neg":1.3319103717803955}