{"_step":649,"removal/loss_pos":1.288225531578064,"removal/loss_neg":51.67043685913086,"removal/total_loss":0.8297625184059143,"_timestamp":1.7666994803850524e+09,"_wandb":{"runtime":443},"_runtime":443}