{"_step":325,"_wandb":{"runtime":197},"_runtime":197,"injection/loss_pos":26.886734008789062,"injection/loss_neg":1.1253691911697388,"injection/total_loss":1.0131646394729614,"_timestamp":1.7667003826923273e+09}