{"_wandb":{"runtime":129},"_runtime":129,"_step":162,"injection/loss_pos":28.121246337890625,"injection/loss_neg":1.4214693307876587,"injection/total_loss":1.6164600849151611,"_timestamp":1.766723319437691e+09}