{"_step":147,"removal/loss_pos":0.8211663961410522,"removal/loss_neg":38.378395080566406,"removal/total_loss":0.5394514203071594,"_timestamp":1.7667231902597253e+09,"_wandb":{"runtime":123},"_runtime":123}