{"injection/loss_neg":1.1773850917816162,"_wandb":{"runtime":101},"_runtime":101,"injection/total_loss":1.1773850917816162,"_timestamp":1.766712141866109e+09,"_step":162,"injection/loss_pos":1.3293557167053223}