{"_timestamp":1.7666490766232414e+09,"_runtime":104,"_wandb":{"runtime":104},"_step":154,"injection/loss_pos":1.5102120637893677,"injection/loss_neg":1.2245162725448608,"injection/total_loss":1.2245162725448608}