{"_runtime":435,"_timestamp":1.7667171002731059e+09,"_step":649,"removal/loss_pos":1.2569586038589478,"removal/loss_neg":53.231014251708984,"removal/total_loss":1.2639559507369995,"_wandb":{"runtime":435}}