{"removal/total_loss":-122.9510269165039,"_timestamp":1.7666469698547275e+09,"_runtime":373,"_wandb":{"runtime":373},"_step":618,"removal/loss_pos":0.6359796524047852,"removal/loss_neg":123.58700561523438}