{"removal/loss_pos":1.2830499410629272,"removal/loss_neg":53.455291748046875,"removal/total_loss":1.3169736862182617,"_timestamp":1.766708009649426e+09,"_step":649,"_wandb":{"runtime":440},"_runtime":440}