{"_runtime":437,"_step":649,"removal/loss_pos":1.2731376886367798,"removal/loss_neg":44.61919403076172,"removal/total_loss":1.2967036962509155,"_timestamp":1.7667126251725557e+09,"_wandb":{"runtime":437}}