{"injection/loss_neg":0.92740398645401,"injection/total_loss":0.92740398645401,"_timestamp":1.7667132461564484e+09,"_step":325,"injection/loss_pos":1.5401039123535156,"_wandb":{"runtime":140},"_runtime":140}