{"_step":1549,"injection/loss_pos":33.30153274536133,"injection/loss_neg":0.19515392184257507,"injection/total_loss":0.019042527303099632,"_wandb":{"runtime":588},"_runtime":588,"_timestamp":1.7666385417096894e+09}