{"_step":618,"removal/loss_pos":0.5581928491592407,"removal/loss_neg":35.94662094116211,"removal/total_loss":0.15578962862491608,"_timestamp":1.7666452903034198e+09,"_wandb":{"runtime":375},"_runtime":375}