{"_timestamp":1.7667117607578404e+09,"_step":5,"removal/loss_pos":1.2959535121917725,"removal/loss_neg":0.9042840003967285,"_wandb":{"runtime":49},"_runtime":49,"removal/total_loss":21.735265731811523}