{"injection/total_loss":1.1885706186294556,"_timestamp":1.7667166175187895e+09,"_step":162,"injection/loss_pos":1.2814137935638428,"injection/loss_neg":1.1885706186294556,"_wandb":{"runtime":102},"_runtime":102}