{"_wandb":{"runtime":33},"_runtime":33,"injection/total_loss":18.305561065673828,"_timestamp":1.766637287776206e+09,"_step":39,"injection/loss_pos":3.8535239696502686,"injection/loss_neg":1.3061158657073975}