{"injection/total_loss":1.224535584449768,"_wandb":{"runtime":100},"_runtime":100,"_timestamp":1.7666448688550546e+09,"_step":154,"injection/loss_pos":1.5102035999298096,"injection/loss_neg":1.224535584449768}