{"_step":6189,"removal/loss_pos":0.013975348323583603,"removal/loss_neg":39.911258697509766,"removal/total_loss":9.765518188942224e-05,"_wandb":{"runtime":3396},"_runtime":3396,"_timestamp":1.7666419821220534e+09}