{"_timestamp":1.7667238035385513e+09,"_step":649,"_wandb":{"runtime":436},"_runtime":436,"removal/loss_pos":1.2607531547546387,"removal/loss_neg":34.53812789916992,"removal/total_loss":1.2715988159179688}