{"removal/loss_neg":34.98722457885742,"removal/total_loss":1.2846840620040894,"_wandb":{"runtime":440},"_runtime":440,"_timestamp":1.7667205307910748e+09,"_step":649,"removal/loss_pos":1.2672233581542969}