{"removal/loss_neg":42.5883903503418,"removal/total_loss":1.2970165014266968,"_timestamp":1.766705004429837e+09,"_step":649,"_wandb":{"runtime":433},"_runtime":433,"removal/loss_pos":1.2732912302017212}