{"_step":162,"injection/loss_pos":27.196062088012695,"injection/loss_neg":1.3339622020721436,"injection/total_loss":1.4235641956329346,"_timestamp":1.7667045233717325e+09,"_wandb":{"runtime":129},"_runtime":129}