{"_timestamp":1.766649441982099e+09,"_step":618,"_wandb":{"runtime":320},"_runtime":320,"removal/loss_pos":0.5441632270812988,"removal/loss_neg":1.404514193534851,"removal/total_loss":0.5441632270812988}