{"injection/loss_pos":5.002574443817139,"injection/loss_neg":1.4717602729797363,"injection/total_loss":17.552223205566406,"_timestamp":1.7666372877750368e+09,"_runtime":33,"_wandb":{"runtime":33},"_step":39}