{"injection/total_loss":1.1773077249526978,"_timestamp":1.766711645340138e+09,"_wandb":{"runtime":101},"_runtime":101,"_step":162,"injection/loss_pos":1.3293956518173218,"injection/loss_neg":1.1773077249526978}