{"_timestamp":1.766688787406265e+09,"_step":649,"removal/loss_pos":1.2986892461776733,"removal/loss_neg":32.257904052734375,"_wandb":{"runtime":461},"_runtime":461,"removal/total_loss":0.8432968854904175}