{"_step":162,"injection/loss_pos":28.152694702148438,"injection/loss_neg":1.4215452671051025,"_wandb":{"runtime":131},"_runtime":131,"injection/total_loss":1.6166328191757202,"_timestamp":1.766719033956057e+09}