{"_timestamp":1.7666562665323145e+09,"_step":162,"injection/loss_pos":30.745206832885742,"injection/loss_neg":0.9374732375144958,"injection/total_loss":0.43942803144454956,"_wandb":{"runtime":138},"_runtime":138}