{"removal/loss_pos":1.2723841667175293,"removal/loss_neg":37.99659729003906,"removal/total_loss":0.8094807267189026,"_wandb":{"runtime":466},"_runtime":466,"_timestamp":1.766656777906366e+09,"_step":649}