{"removal/total_loss":0.15004613995552063,"_timestamp":1.7666544167578905e+09,"_wandb":{"runtime":378},"_runtime":378,"_step":618,"removal/loss_pos":0.5478067994117737,"removal/loss_neg":55.86140441894531}