{"removal/loss_pos":1.2682812213897705,"_wandb":{"runtime":432},"_runtime":432,"removal/loss_neg":42.432884216308594,"removal/total_loss":0.8042685985565186,"_timestamp":1.76669561736091e+09,"_step":649}