{"injection/loss_neg":1.3339767456054688,"injection/total_loss":1.4235951900482178,"_timestamp":1.7667075281594315e+09,"_step":162,"injection/loss_pos":27.193897247314453,"_wandb":{"runtime":134},"_runtime":134}