{"_timestamp":1.76672004640209e+09,"_step":162,"injection/loss_pos":28.17855453491211,"_wandb":{"runtime":129},"_runtime":129,"injection/loss_neg":1.421488881111145,"injection/total_loss":1.6165045499801636}