{"injection/loss_neg":1.3414331674575806,"injection/total_loss":0.8997214436531067,"_wandb":{"runtime":130},"_runtime":130,"_timestamp":1.7666951390928793e+09,"_step":162,"injection/loss_pos":27.848663330078125}