{"injection/loss_pos":1.3293429613113403,"injection/loss_neg":1.1772736310958862,"_wandb":{"runtime":101},"_runtime":101,"injection/total_loss":1.1772736310958862,"_timestamp":1.7667113289870276e+09,"_step":162}