{"removal/total_loss":1.2995655536651611,"_runtime":433,"_wandb":{"runtime":433},"_timestamp":1.7667137262161458e+09,"_step":649,"removal/loss_pos":1.2745418548583984,"removal/loss_neg":51.14101791381836}