{"_timestamp":1.766700871717651e+09,"_step":649,"_wandb":{"runtime":441},"_runtime":441,"removal/loss_pos":1.2797743082046509,"removal/loss_neg":40.943397521972656,"removal/total_loss":1.3102577924728394}