{"removal/loss_pos":1.2960097789764404,"removal/loss_neg":0.904280960559845,"_wandb":{"runtime":47},"_runtime":47,"removal/total_loss":21.735443115234375,"_timestamp":1.7667114424570498e+09,"_step":5}